"","id","a","b","n","type","res"
"1",1,2,3,1000,"rr",2.01551956807579
"2",2,3,4,1000,"tr",1.54682317093483
"3",3,4,5,1000,"mr",1.07221443073862
"4",4,5,6,1000,"sm",0.686404048335774
"5",5,6,7,1000,"mr",0.406848192277672
"6",6,7,8,1000,"sm",0.227801645761313
"7",7,8,9,1000,"None",NA
